{"schemaVersion":"1.0","appDefinitionTemplate":{"id":"/providers/Microsoft.PowerApps/apps/","type":"Microsoft.PowerApps/apps","tags":{"primaryDeviceWidth":"1366","primaryDeviceHeight":"768","supportsPortrait":"true","supportsLandscape":"true","primaryFormFactor":"Tablet","publisherVersion":"3.24034.17","minimumRequiredApiVersion":"2.2.0","hasComponent":"false","hasUnlockedComponent":"false","isUnifiedRootApp":"false","sienaVersion":"20240411T221213Z-3.24034.17.0","showStatusBar":"false","offlineLargeFilesSupport":"false"},"properties":{"appVersion":"2024-04-11T22:12:13Z","lifeCycleId":"Published","createdByClientVersion":{"major":3,"minor":24034,"build":17,"revision":0,"majorRevision":0,"minorRevision":0},"minClientVersion":{"major":3,"minor":24034,"build":17,"revision":0,"majorRevision":0,"minorRevision":0},"backgroundColor":"rgba(56, 96, 178, 1)","backgroundImageUri":"/2039186962132475866/N7e371579-4cfa-4e02-b13c-030f11383b22-logoSmallFile","displayName":"MeetingRoom","description":"","commitMessage":"","appUris":{"documentUri":{"value":"/2039186962132475866/Nc2b98c28-ba59-41cb-b9bd-e63e248393ea-document.msapp"},"imageUris":[],"additionalUris":[{"isSolutionAware":false,"value":"/2039186962132475866/N8f9082f2-039a-4b2d-910f-617b06cf58e6-identity.json"}]},"createdTime":"0001-01-01T00:00:00Z","lastModifiedTime":"0001-01-01T00:00:00Z","sharedGroupsCount":0,"sharedUsersCount":0,"connectionReferences":{"72f1d3b6-d65f-4681-9954-db5635e101ef":{"id":"3e5e73e6-ed25-4c84-b04f-63d353e030c2","displayName":"Office 365 Users","iconUri":"https://connectoricons-prod.azureedge.net/releases/v1.0.1677/1.0.1677.3637/office365users/icon.png","dataSources":["Office365Users"],"dependencies":[],"dependents":[],"parameterHints":{},"parameterHintsV2":{},"isOnPremiseConnection":false,"bypassConsent":false,"dataSets":{},"apiTier":"Standard","isCustomApiConnection":false,"actions":["MyProfile","UserPhoto"]},"4e6feb2d-9134-41ed-87ff-0fd2c40b3bf2":{"id":"ae3b7a37-adbb-4cb9-87b7-5d775da6acf8","displayName":"SharePoint","iconUri":"https://connectoricons-prod.azureedge.net/releases/v1.0.1682/1.0.1682.3677/sharepointonline/icon.png","dataSources":["MeetingSchedule","MeetingRooms"],"dependencies":[],"dependents":[],"parameterHints":{},"parameterHintsV2":{},"isOnPremiseConnection":false,"bypassConsent":false,"dataSets":{"https://eltechsoft.sharepoint.com/sites/MeetingRoomManagement":{"dataSources":{"MeetingSchedule":{"tableName":"00b3b3c0-47b0-47b1-abe5-8ca41f10979d"},"MeetingRooms":{"tableName":"61ad95e9-0caf-40b5-9e99-bc808cc45c08"}}}},"apiTier":"Standard","isCustomApiConnection":false,"actions":["providers/PowerPlatform.Governance/Operations/Read"]},"9d55b264-e875-486f-a08b-178d1b7a8bc3":{"id":"307399fe-c7b7-4510-9589-3988c55d828d","displayName":"Office 365 Outlook","iconUri":"https://connectoricons-prod.azureedge.net/releases/v1.0.1677/1.0.1677.3637/office365/icon.png","dataSources":["Office365Outlook"],"dependencies":[],"dependents":[],"parameterHints":{},"parameterHintsV2":{},"isOnPremiseConnection":false,"bypassConsent":false,"dataSets":{},"apiTier":"Standard","isCustomApiConnection":false,"actions":["CalendarGetTables","GetEventsCalendarViewV2"]}},"databaseReferences":{},"almMode":"Environment","performanceOptimizationEnabled":true,"canConsumeAppPass":true,"enableModernRuntimeMode":false,"executionRestrictions":{"isTeamsOnly":false,"dataLossPreventionEvaluationResult":{"status":"Compliant","lastEvaluationDate":"2023-07-13T20:40:22.5642125Z","violations":[],"violationsByPolicy":[],"violationErrorMessage":"The app uses the following connectors: shared_office365users."}}},"appType":"ClassicCanvasApp","appComponents":[]}}